<?xml version="1.0" encoding="UTF-8"?>
<module rename-to='HeatBars'>
  <!-- Inherit the core Web Toolkit stuff.                        -->
  <inherits name='com.google.gwt.user.User'/>

  <!-- Inherit the default GWT style sheet.  You can change       -->
  <!-- the theme of your GWT application by uncommenting          -->
  <!-- any one of the following lines.                            -->
  <inherits name='com.google.gwt.user.theme.standard.Standard'/>
  <!-- <inherits name='com.google.gwt.user.theme.chrome.Chrome'/> -->
  <!-- <inherits name='com.google.gwt.user.theme.dark.Dark'/>     -->

  <!-- Other module inherits                                      -->

  <!-- Specify the app entry point class.                         -->
  <entry-point class='org.thechiselgroup.choosel.visualization_component.heat_bars.client.HeatBarsEntryPoint'/>

  <!-- Specify the paths for translatable code                    -->
  <source path='client'/>
  <source path='shared'/>
  <inherits name="org.thechiselgroup.choosel.protovis.ProtovisGWT" />
  <inherits name="org.thechiselgroup.choosel.core.Core"/>
  <inherits name="org.thechiselgroup.choosel.visualization_component.chart.Chart" />
  
    <!-- client-side logging configuration --> 
  <set-property name="gwt.logging.logLevel" value="INFO"/>
  <set-property name="gwt.logging.enabled" value="TRUE"/> 
  <set-property name="gwt.logging.popupHandler" value="DISABLED"/>
  <set-property name="gwt.logging.systemHandler" value="DISABLED"/>
  <set-property name="gwt.logging.consoleHandler" value="ENABLED"/>
  <set-property name="gwt.logging.firebugHandler" value="DISABLED"/>
  <set-property name="gwt.logging.simpleRemoteHandler" value="DISABLED"/>
  <set-property name="gwt.logging.developmentModeHandler" value="DISABLED"/>

</module>
